<?xml version="1.0" encoding="UTF-8"?>
<beans:beans xmlns="http://www.springframework.org/schema/mvc"
	xmlns:xsi="http://www.w3.org/2001/XMLSchema-instance"
	xmlns:beans="http://www.springframework.org/schema/beans"
	xmlns:context="http://www.springframework.org/schema/context"
	xsi:schemaLocation="http://www.springframework.org/schema/mvc https://www.springframework.org/schema/mvc/spring-mvc.xsd
		http://www.springframework.org/schema/beans https://www.springframework.org/schema/beans/spring-beans.xsd
		http://www.springframework.org/schema/context https://www.springframework.org/schema/context/spring-context.xsd">

	<!-- DispatcherServlet Context: 이 서블릿의 요청 처리 인프라를 정의 -->
	
	<!-- Spring MVC @Controller 프로그래밍 모델을 활성화 -->
	<annotation-driven />

	<!-- /resources/**에 대한 HTTP GET 요청을 처리하여 ${webappRoot}/resources 디렉토리의 정적 리소스를 효율적으로 제공 -->
	<resources mapping="/resources/**" location="/resources/" />

	<!-- @Controllers에서 렌더링을 위해 선택된 뷰를 /WEB-INF/views 디렉토리의 .jsp 리소스로 해석 -->
	<beans:bean class="org.springframework.web.servlet.view.InternalResourceViewResolver">
		<beans:property name="prefix" value="/WEB-INF/views/" />
		<beans:property name="suffix" value=".jsp" />
	</beans:bean>
	
	<!-- 컨트롤러 패키지 내의 컴포넌트를 스캔 -->
	<context:component-scan base-package="com.dino.controller" />
	
	<!-- 서비스 패키지 내의 컴포넌트를 스캔 -->
	<context:component-scan base-package="com.dino.service" />
</beans:beans>
